declarant_age_bin,revenue_per_pers
17-25,8280.0
25-30,12735.583333333334
30-35,25357.121951219513
35-40,22354.531986531987
40-45,26899.463203463205
45-50,29877.580597014927
50-55,30308.463917525773
55-60,34916.564903846156
60-65,34871.925598991176
65-70,33250.93920972644
70-75,23821.217741935485
75-80,47372.117647058825
80-100,13694.714285714286
