declarant_age_bin,revenue_per_pers
17-25,95677.73333333334
25-30,158146.83870967742
30-35,287779.8046875
35-40,303986.0601336303
40-45,355281.4721825963
45-50,417618.33268101764
50-55,442137.0334642249
55-60,686331.4558359622
60-65,4120823.1547933156
65-70,422947.46749226004
70-75,19206391.11302682
75-80,404819.4434782609
80-100,381832.90476190473
