year,average_publication_delay
2019.0,315.448087431694
2020.0,358.4030534351145
2021.0,280.38235294117646
2022.0,172.19709794437728
2023.0,140.99116997792495
2024.0,71.97491039426524
