year,average_publication_delay
2019.0,145.34426229508196
2020.0,352.9535452322738
2021.0,241.66698292220113
2022.0,156.05522088353413
2023.0,114.87708066581305
2024.0,143.86304909560724
